{
	"content": [
        {
            "serialNumber": "C39S501CHJ3J",
            "udid": "9f6a02cca7b91174a0cf68c65d7db633132d0e82",
            "marketingName": "iPhone 7 Plus",
            "partDescription": "IPHONE 7 PLUS JET BLACK 256GB-ZDD",
            "productVersion": "12.0",
            "diskCapacity": null,
            "diskAvailable": null,
            "deviceIndicatorStatus": 1,
            "deviceStatus": -1,
            "online": true,
            "lastPing": null,
            "batteryCurrentCapacity": null,
            "removable": true,
            "stage": -1,
            "progress": 0,
            "contentStatus": 0,
            "is_idle": false,
            "is_resetting": false,
            "is_stuck": false,
            "ipAddress": null,
            "bundle": null,
            "bundleStatus": false,
            "posId": "241162",
            "hqId": "17601",
            "hqIndicator": null,
            "countryCode": "USA",
            "languageCode": "en-us",
            "categoryId": "1",
            "commands": []
        },
		{
			"serialNumber": "C38QKK4PGRWY",
			"udid": "c5c05e0851a700cb6c577b2c7d7a0a8b63702781",
			"marketingName": "iPhone 6s Plus",
			"partDescription": "IPHONE 6S PLUS SILVER 64GB-ZDD",
			"productVersion": null,
			"diskCapacity": null,
			"diskAvailable": null,
			"deviceIndicatorStatus": 0,
			"deviceStatus": -1,
			"online": false,
			"lastPing": null,
			"batteryCurrentCapacity": null,
			"removable": true,
			"stage": -1,
			"progress": 0,
			"contentStatus": 0,
			"is_idle": false,
			"is_resetting": false,
			"is_stuck": false,
			"ipAddress": null,
			"bundle": null,
			"bundleStatus": false,
			"posId": "241162",
			"hqId": "17601",
			"hqIndicator": null,
			"countryCode": "USA",
			"languageCode": "en-us",
			"categoryId": "1",
			"commands": []
		},
		{
			"serialNumber": "F17RX3YRH2XM",
			"udid": "e32fb003df952ac605d2c80c47597235fe19c5bc",
			"marketingName": "iPhone SE",
			"partDescription": "IPHONE SE SILVER 64GB-USA",
			"productVersion": null,
			"diskCapacity": null,
			"diskAvailable": null,
			"deviceIndicatorStatus": 0,
			"deviceStatus": -1,
			"online": true,
			"lastPing": 1530498270.7679338,
			"batteryCurrentCapacity": null,
			"removable": true,
			"stage": -1,
			"progress": 0,
			"contentStatus": 0,
			"is_idle": false,
			"is_resetting": false,
			"is_stuck": false,
			"ipAddress": null,
			"bundle": "Channel en-us iPhone v13.5.5",
			"bundleStatus": false,
			"posId": "241162",
			"hqId": "17601",
			"hqIndicator": null,
			"countryCode": "USA",
			"languageCode": "en-us",
			"categoryId": "1",
			"commands": []
		},
		{
			"serialNumber": "C39Q809ZGWPM",
			"udid": "a9e2c242e4eeccad193e00f5e00801dedd8f0dd1",
			"marketingName": "iPhone 6s Plus",
			"partDescription": "IPHONE 6S PLUS SILVER 64GB-USA",
			"productVersion": null,
			"diskCapacity": null,
			"diskAvailable": null,
			"deviceIndicatorStatus": 0,
			"deviceStatus": -1,
			"online": true,
			"lastPing": 1530498270.7679338,
			"batteryCurrentCapacity": 87,
			"removable": true,
			"stage": -1,
			"progress": 0,
			"contentStatus": 0,
			"is_idle": false,
			"is_resetting": false,
			"is_stuck": false,
			"ipAddress": null,
			"bundle": null,
			"bundleStatus": false,
			"posId": "241162",
			"hqId": "17601",
			"hqIndicator": null,
			"countryCode": "USA",
			"languageCode": "en-us",
			"categoryId": "1",
			"commands": []
		},
		{
			"serialNumber": "F4GVT8HWJC6N",
			"udid": "3e1ad450a007ad67c95c98ec26fe6119e80d6693",
			"marketingName": "iPhone 8",
			"partDescription": "IPHONE 8 SPACE GRAY 256GB-USA",
			"productVersion": null,
			"diskCapacity": null,
			"diskAvailable": null,
			"deviceIndicatorStatus": 0,
			"deviceStatus": -1,
			"online": true,
			"lastPing": 1530498270.7679338,
			"batteryCurrentCapacity": 87,
			"removable": true,
			"stage": -1,
			"progress": 0,
			"contentStatus": 0,
			"is_idle": false,
			"is_resetting": false,
			"is_stuck": false,
			"ipAddress": null,
			"bundle": null,
			"bundleStatus": false,
			"posId": "241162",
			"hqId": "17601",
			"hqIndicator": null,
			"countryCode": "USA",
			"languageCode": "en-us",
			"categoryId": "1",
			"commands": []
		},
		{
			"serialNumber": "C39V50Q2JCGW",
			"udid": "54801841d83d1f9e1cb7fb72b6e7157b58b8fba6",
			"marketingName": "iPhone X",
			"partDescription": "IPHONE X SPACE GRAY 256GB-USA",
			"productVersion": null,
			"diskCapacity": null,
			"diskAvailable": null,
			"deviceIndicatorStatus": 0,
			"deviceStatus": -1,
			"online": false,
			"lastPing": null,
			"batteryCurrentCapacity": null,
			"removable": true,
			"stage": -1,
			"progress": 0,
			"contentStatus": 0,
			"is_idle": false,
			"is_resetting": false,
			"is_stuck": false,
			"ipAddress": null,
			"bundle": null,
			"bundleStatus": false,
			"posId": "241162",
			"hqId": "17601",
			"hqIndicator": null,
			"countryCode": "USA",
			"languageCode": "en-us",
			"categoryId": "1",
			"commands": []
		},
		{
			"serialNumber": "DLXPT08FGQ1N",
			"udid": "10f5b39afdd24a620db1572642f7870c7320224a",
			"marketingName": "Apple Watch Series 3 42mm",
			"partDescription": "APPLE WATCH SERIES 3 42MM STAINLESS STEEL",
			"productVersion": null,
			"diskCapacity": null,
			"diskAvailable": null,
			"deviceIndicatorStatus": 0,
			"deviceStatus": -1,
			"online": false,
			"lastPing": null,
			"batteryCurrentCapacity": null,
			"removable": true,
			"stage": -1,
			"progress": 0,
			"contentStatus": 0,
			"is_idle": false,
			"is_resetting": false,
			"is_stuck": false,
			"ipAddress": null,
			"bundle": null,
			"bundleStatus": false,
			"posId": "241162",
			"hqId": "17601",
			"hqIndicator": null,
			"countryCode": "USA",
			"languageCode": "en-us",
			"categoryId": "1",
			"commands": []
		},
	],
	"totalPages": 1,
	"totalElements": 6,
	"first": true,
	"last": true
}
