{"content": [
	{
		"code": "AX",
		"iso3code": "ALA",
		"name": "Aland Islands"
	},
	{
		"code": "AL",
		"iso3code": "ALB",
		"name": "Albania"
	},
	{
		"code": "DZ",
		"iso3code": "DZA",
		"name": "Algeria"
	},
	{
		"code": "AS",
		"iso3code": "ASM",
		"name": "American Samoa"
	},
	{
		"code": "VI",
		"iso3code": "VIR",
		"name": "American Virgin Islands"
	},
	{
		"code": "AD",
		"iso3code": "AND",
		"name": "Andorra"
	},
	{
		"code": "AO",
		"iso3code": "AGO",
		"name": "Angola"
	},
	{
		"code": "AI",
		"iso3code": "AIA",
		"name": "Anguilla"
	},
	{
		"code": "AQ",
		"iso3code": "ATA",
		"name": "Antarctica"
	},
	{
		"code": "AG",
		"iso3code": "ATG",
		"name": "Antigua & Barbuda"
	},
	{
		"code": "AR",
		"iso3code": "ARG",
		"name": "Argentina"
	},
	{
		"code": "AM",
		"iso3code": "ARM",
		"name": "Armenia"
	},
	{
		"code": "AW",
		"iso3code": "ABW",
		"name": "Aruba"
	},
	{
		"code": "AU",
		"iso3code": "AUS",
		"name": "Australia"
	},
	{
		"code": "AT",
		"iso3code": "AUT",
		"name": "Austria"
	},
	{
		"code": "AZ",
		"iso3code": "AZE",
		"name": "Azerbaijan"
	},
	{
		"code": "BS",
		"iso3code": "BHS",
		"name": "Bahamas"
	},
	{
		"code": "BH",
		"iso3code": "BHR",
		"name": "Bahrain"
	},
	{
		"code": "BD",
		"iso3code": "BGD",
		"name": "Bangladesh"
	},
	{
		"code": "BB",
		"iso3code": "BRB",
		"name": "Barbados"
	},
	{
		"code": "BY",
		"iso3code": "BLR",
		"name": "Belarus"
	},
	{
		"code": "BE",
		"iso3code": "BEL",
		"name": "Belgium"
	},
	{
		"code": "BZ",
		"iso3code": "BLZ",
		"name": "Belize"
	},
	{
		"code": "BJ",
		"iso3code": "BEN",
		"name": "Benin"
	},
	{
		"code": "BM",
		"iso3code": "BMU",
		"name": "Bermuda"
	},
	{
		"code": "BQ",
		"iso3code": "BES",
		"name": "Bes Islands"
	},
	{
		"code": "BT",
		"iso3code": "BTN",
		"name": "Bhutan"
	},
	{
		"code": "BO",
		"iso3code": "BOL",
		"name": "Bolivia"
	},
	{
		"code": "BA",
		"iso3code": "BIH",
		"name": "Bosnia & Herzrgovina"
	},
	{
		"code": "BW",
		"iso3code": "BWA",
		"name": "Botswana"
	},
	{
		"code": "BV",
		"iso3code": "BVT",
		"name": "Bouvet Island"
	},
	{
		"code": "BR",
		"iso3code": "BRA",
		"name": "Brazil"
	},
	{
		"code": "IO",
		"iso3code": "IOT",
		"name": "British Indian Ocean Territory"
	},
	{
		"code": "VG",
		"iso3code": "VGB",
		"name": "British Virgin Islands"
	},
	{
		"code": "BN",
		"iso3code": "BRN",
		"name": "Brunei Darussalam"
	},
	{
		"code": "BG",
		"iso3code": "BGR",
		"name": "Bulgaria"
	},
	{
		"code": "BF",
		"iso3code": "BFA",
		"name": "Burkina-faso"
	},
	{
		"code": "BI",
		"iso3code": "BDI",
		"name": "Burundi"
	},
	{
		"code": "KH",
		"iso3code": "KHM",
		"name": "Cambodia"
	},
	{
		"code": "CM",
		"iso3code": "CMR",
		"name": "Cameroon"
	},
	{
		"code": "CA",
		"iso3code": "CAN",
		"name": "Canada"
	},
	{
		"code": "CF",
		"iso3code": "CAF",
		"name": "Central African Republic"
	},
	{
		"code": "TD",
		"iso3code": "TCD",
		"name": "Chad"
	},
	{
		"code": "CL",
		"iso3code": "CHL",
		"name": "Chile"
	},
	{
		"code": "CN",
		"iso3code": "CHN",
		"name": "China"
	},
    {
        "code": "HK",
        "iso3code": "HKG",
        "name": "China (Hong Kong)"
    },
    {
        "code": "MO",
        "iso3code": "MAC",
        "name": "China (Macau)"
    },
    {
        "code": "TW",
        "iso3code": "TWN",
        "name": "China (Taiwan)"
    },
	{
		"code": "CC",
		"iso3code": "CCK",
		"name": "Cocos Islands"
	},
	{
		"code": "CO",
		"iso3code": "COL",
		"name": "Colombia"
	},
	{
		"code": "KM",
		"iso3code": "COM",
		"name": "Comoros"
	},
	{
		"code": "CD",
		"iso3code": "COD",
		"name": "Congo, Democratic Republic Of"
	},
	{
		"code": "CG",
		"iso3code": "COG",
		"name": "Congo, Republic Of"
	},
	{
		"code": "CK",
		"iso3code": "COK",
		"name": "Cook Islands"
	},
	{
		"code": "HR",
		"iso3code": "HRV",
		"name": "Croatia"
	},
	{
		"code": "CU",
		"iso3code": "CUB",
		"name": "Cuba"
	},
	{
		"code": "CW",
		"iso3code": "CUW",
		"name": "Curacao"
	},
    {
        "code": "CZ",
        "iso3code": "CZA",
        "name": "Czech Republic"
    },
	{
		"code": "DK",
		"iso3code": "DNK",
		"name": "Denmark"
	},
	{
		"code": "DJ",
		"iso3code": "DJI",
		"name": "Djibouti"
	},
	{
		"code": "DM",
		"iso3code": "DMA",
		"name": "Dominica"
	},
	{
		"code": "DO",
		"iso3code": "DOM",
		"name": "Dominican Republic"
	},
	{
		"code": "EC",
		"iso3code": "ECU",
		"name": "Ecuador"
	},
	{
		"code": "EG",
		"iso3code": "EGY",
		"name": "Egypt"
	},
	{
		"code": "SV",
		"iso3code": "SLV",
		"name": "El Salvador"
	},
	{
		"code": "GQ",
		"iso3code": "GNQ",
		"name": "Equatorial Guinea"
	},
	{
		"code": "ER",
		"iso3code": "ERI",
		"name": "Eritrea"
	},
	{
		"code": "EE",
		"iso3code": "EST",
		"name": "Estonia"
	},
	{
		"code": "ET",
		"iso3code": "ETH",
		"name": "Ethiopia"
	},
	{
		"code": "FK",
		"iso3code": "FLK",
		"name": "Falkland Islands"
	},
	{
		"code": "FO",
		"iso3code": "FRO",
		"name": "Faroe Islands"
	},
	{
		"code": "FJ",
		"iso3code": "FJI",
		"name": "Fiji"
	},
	{
		"code": "FI",
		"iso3code": "FIN",
		"name": "Finland"
	},
	{
		"code": "FR",
		"iso3code": "FRA",
		"name": "France"
	},
	{
		"code": "GF",
		"iso3code": "GUF",
		"name": "French Guiana"
	},
	{
		"code": "PF",
		"iso3code": "PYF",
		"name": "French Polynesia"
	},
	{
		"code": "TF",
		"iso3code": "ATF",
		"name": "French Southern Territories"
	},
	{
		"code": "GA",
		"iso3code": "GAB",
		"name": "Gabon"
	},
	{
		"code": "GM",
		"iso3code": "GMB",
		"name": "Gambia"
	},
	{
		"code": "GE",
		"iso3code": "GEO",
		"name": "Georgia"
	},
	{
		"code": "DE",
		"iso3code": "DEU",
		"name": "Germany"
	},
	{
		"code": "GH",
		"iso3code": "GHA",
		"name": "Ghana"
	},
	{
		"code": "GI",
		"iso3code": "GIB",
		"name": "Gibraltar"
	},
	{
		"code": "GR",
		"iso3code": "GRC",
		"name": "Greece"
	},
	{
		"code": "GL",
		"iso3code": "GRL",
		"name": "Greenland"
	},
	{
		"code": "GD",
		"iso3code": "GRD",
		"name": "Grenada"
	},
	{
		"code": "GP",
		"iso3code": "GLP",
		"name": "Guadeloupe"
	},
	{
		"code": "GU",
		"iso3code": "GUM",
		"name": "Guam"
	},
	{
		"code": "GT",
		"iso3code": "GTM",
		"name": "Guatemala"
	},
	{
		"code": "GG",
		"iso3code": "GGY",
		"name": "Guernsey"
	},
	{
		"code": "GN",
		"iso3code": "GIN",
		"name": "Guinea"
	},
	{
		"code": "GW",
		"iso3code": "GNB",
		"name": "Guinea-bissau"
	},
	{
		"code": "GY",
		"iso3code": "GUY",
		"name": "Guyana"
	},
	{
		"code": "HT",
		"iso3code": "HTI",
		"name": "Haiti"
	},
	{
		"code": "HM",
		"iso3code": "HMD",
		"name": "Heard & Mcdonald Island"
	},
	{
		"code": "HN",
		"iso3code": "HND",
		"name": "Honduras"
	},
	{
		"code": "HU",
		"iso3code": "HUN",
		"name": "Hungary"
	},
	{
		"code": "IS",
		"iso3code": "ISL",
		"name": "Iceland"
	},
	{
		"code": "IN",
		"iso3code": "IND",
		"name": "India"
	},
	{
		"code": "ID",
		"iso3code": "IDN",
		"name": "Indonesia"
	},
	{
		"code": "IR",
		"iso3code": "IRN",
		"name": "Iran, Islamic Republic Of"
	},
	{
		"code": "IQ",
		"iso3code": "IRQ",
		"name": "Iraq"
	},
	{
		"code": "IE",
		"iso3code": "IRL",
		"name": "Ireland"
	},
	{
		"code": "IM",
		"iso3code": "IMN",
		"name": "Isle Of Man"
	},
	{
		"code": "IL",
		"iso3code": "ISR",
		"name": "Israel"
	},
	{
		"code": "IT",
		"iso3code": "ITA",
		"name": "Italy"
	},
	{
		"code": "CI",
		"iso3code": "CIV",
		"name": "Ivory Coast"
	},
	{
		"code": "JM",
		"iso3code": "JAM",
		"name": "Jamaica"
	},
	{
		"code": "JP",
		"iso3code": "JPN",
		"name": "Japan"
	},
	{
		"code": "JE",
		"iso3code": "JEY",
		"name": "Jersey"
	},
	{
		"code": "JO",
		"iso3code": "JOR",
		"name": "Jordan"
	},
	{
		"code": "KZ",
		"iso3code": "KAZ",
		"name": "Kazakhstan"
	},
	{
		"code": "KE",
		"iso3code": "KEN",
		"name": "Kenya"
	},
	{
		"code": "KI",
		"iso3code": "KIR",
		"name": "Kiribati"
	},
	{
		"code": "KR",
		"iso3code": "KOR",
		"name": "Korea, Republic Of"
	},
	{
		"code": "KW",
		"iso3code": "KWT",
		"name": "Kuwait"
	},
	{
		"code": "KG",
		"iso3code": "KGZ",
		"name": "Kyrgyzstan"
	},
	{
		"code": "LA",
		"iso3code": "LAO",
		"name": "Laos"
	},
	{
		"code": "LV",
		"iso3code": "LVA",
		"name": "Latvia"
	},
	{
		"code": "LB",
		"iso3code": "LBN",
		"name": "Lebanon"
	},
	{
		"code": "LS",
		"iso3code": "LSO",
		"name": "Lesotho"
	},
	{
		"code": "LR",
		"iso3code": "LBR",
		"name": "Liberia"
	},
	{
		"code": "LY",
		"iso3code": "LBY",
		"name": "Libya"
	},
	{
		"code": "LI",
		"iso3code": "LIE",
		"name": "Liechtenstein"
	},
	{
		"code": "LT",
		"iso3code": "LTU",
		"name": "Lithuania"
	},
	{
		"code": "LU",
		"iso3code": "LUX",
		"name": "Luxembourg"
	},
	{
		"code": "MK",
		"iso3code": "MKD",
		"name": "Macedonia"
	},
	{
		"code": "MG",
		"iso3code": "MDG",
		"name": "Madagascar"
	},
	{
		"code": "MW",
		"iso3code": "MWI",
		"name": "Malawi"
	},
	{
		"code": "MY",
		"iso3code": "MYS",
		"name": "Malaysia"
	},
	{
		"code": "MV",
		"iso3code": "MDV",
		"name": "Maldives"
	},
	{
		"code": "ML",
		"iso3code": "MLI",
		"name": "Mali"
	},
	{
		"code": "MT",
		"iso3code": "MLT",
		"name": "Malta"
	},
	{
		"code": "MH",
		"iso3code": "MHL",
		"name": "Marshall Islands"
	},
	{
		"code": "MQ",
		"iso3code": "MTQ",
		"name": "Martinique"
	},
	{
		"code": "MR",
		"iso3code": "MRT",
		"name": "Mauritania"
	},
	{
		"code": "MU",
		"iso3code": "MUS",
		"name": "Mauritius"
	},
	{
		"code": "YT",
		"iso3code": "MYT",
		"name": "Mayotte"
	},
	{
		"code": "MX",
		"iso3code": "MEX",
		"name": "Mexico"
	},
	{
		"code": "FM",
		"iso3code": "FSM",
		"name": "Micronesia"
	},
	{
		"code": "MD",
		"iso3code": "MDA",
		"name": "Moldova"
	},
	{
		"code": "MC",
		"iso3code": "MCO",
		"name": "Monaco"
	},
	{
		"code": "MN",
		"iso3code": "MNG",
		"name": "Mongolia"
	},
	{
		"code": "ME",
		"iso3code": "MNE",
		"name": "Montenegro"
	},
	{
		"code": "MS",
		"iso3code": "MSR",
		"name": "Montserrat"
	},
	{
		"code": "MA",
		"iso3code": "MAR",
		"name": "Morocco"
	},
	{
		"code": "MZ",
		"iso3code": "MOZ",
		"name": "Mozambique"
	},
	{
		"code": "MM",
		"iso3code": "MMR",
		"name": "Myanmar"
	},
	{
		"code": "NA",
		"iso3code": "NAM",
		"name": "Namibia"
	},
	{
		"code": "NR",
		"iso3code": "NRU",
		"name": "Nauru"
	},
	{
		"code": "NP",
		"iso3code": "NPL",
		"name": "Nepal"
	},
	{
		"code": "NL",
		"iso3code": "NLD",
		"name": "Netherlands"
	},
	{
		"code": "AN",
		"iso3code": "ANT",
		"name": "Netherlands Antilles"
	},
	{
		"code": "NC",
		"iso3code": "NCL",
		"name": "New Caledonia"
	},
	{
		"code": "NZ",
		"iso3code": "NZL",
		"name": "New Zealand"
	},
	{
		"code": "NI",
		"iso3code": "NIC",
		"name": "Nicaragua"
	},
	{
		"code": "NE",
		"iso3code": "NER",
		"name": "Niger"
	},
	{
		"code": "NG",
		"iso3code": "NGA",
		"name": "Nigeria"
	},
	{
		"code": "NU",
		"iso3code": "NIU",
		"name": "Niue Islands"
	},
	{
		"code": "NF",
		"iso3code": "NFK",
		"name": "Norfolk Island"
	},
	{
		"code": "MP",
		"iso3code": "MNP",
		"name": "North Mariana Islands"
	},
	{
		"code": "NO",
		"iso3code": "NOR",
		"name": "Norway"
	},
	{
		"code": "OM",
		"iso3code": "OMN",
		"name": "Oman"
	},
	{
		"code": "PK",
		"iso3code": "PAK",
		"name": "Pakistan"
	},
	{
		"code": "PW",
		"iso3code": "PLW",
		"name": "Palau"
	},
	{
		"code": "PS",
		"iso3code": "PSE",
		"name": "Palestinian Territory"
	},
	{
		"code": "PA",
		"iso3code": "PAN",
		"name": "Panama"
	},
	{
		"code": "PG",
		"iso3code": "PNG",
		"name": "Papua New Guinea"
	},
	{
		"code": "PY",
		"iso3code": "PRY",
		"name": "Paraguay"
	},
	{
		"code": "PE",
		"iso3code": "PER",
		"name": "Peru"
	},
	{
		"code": "PH",
		"iso3code": "PHL",
		"name": "Philippines"
	},
	{
		"code": "PN",
		"iso3code": "PCN",
		"name": "Pitcairn Islands"
	},
	{
		"code": "PL",
		"iso3code": "POL",
		"name": "Poland"
	},
	{
		"code": "PT",
		"iso3code": "PRT",
		"name": "Portugal"
	},
	{
		"code": "PR",
		"iso3code": "PRI",
		"name": "Puerto Rico"
	},
	{
		"code": "QA",
		"iso3code": "QAT",
		"name": "Qatar"
	},
	{
		"code": "RE",
		"iso3code": "REU",
		"name": "Reunion"
	},
	{
		"code": "RO",
		"iso3code": "ROU",
		"name": "Romania"
	},
	{
		"code": "RU",
		"iso3code": "RUS",
		"name": "Russia"
	},
	{
		"code": "RW",
		"iso3code": "RWA",
		"name": "Rwanda"
	},
	{
		"code": "BL",
		"iso3code": "BLM",
		"name": "Saint Barthelemy"
	},
	{
		"code": "SH",
		"iso3code": "SHN",
		"name": "Saint Helena"
	},
	{
		"code": "KN",
		"iso3code": "KNA",
		"name": "Saint Kitts & Nevis"
	},
	{
		"code": "LC",
		"iso3code": "LCA",
		"name": "Saint Lucia"
	},
	{
		"code": "MF",
		"iso3code": "MAF",
		"name": "Saint Martin"
	},
	{
		"code": "PM",
		"iso3code": "SPM",
		"name": "Saint Pierre & Miquelon"
	},
	{
		"code": "VC",
		"iso3code": "VCT",
		"name": "Saint Vincent"
	},
	{
		"code": "SM",
		"iso3code": "SMR",
		"name": "San Marino"
	},
	{
		"code": "ST",
		"iso3code": "STP",
		"name": "Sao Tome & Principe"
	},
	{
		"code": "SA",
		"iso3code": "SAU",
		"name": "Saudi Arabia"
	},
	{
		"code": "SN",
		"iso3code": "SEN",
		"name": "Senegal"
	},
	{
		"code": "RS",
		"iso3code": "SRB",
		"name": "Serbia"
	},
	{
		"code": "SC",
		"iso3code": "SYC",
		"name": "Seychelles"
	},
	{
		"code": "SL",
		"iso3code": "SLE",
		"name": "Sierra Leone"
	},
	{
		"code": "SG",
		"iso3code": "SGP",
		"name": "Singapore"
	},
	{
		"code": "SX",
		"iso3code": "SXM",
		"name": "Sint Maarten"
	},
	{
		"code": "SK",
		"iso3code": "SVK",
		"name": "Slovakia"
	},
	{
		"code": "SI",
		"iso3code": "SVN",
		"name": "Slovenia"
	},
	{
		"code": "SB",
		"iso3code": "SLB",
		"name": "Solomon Islands"
	},
	{
		"code": "SO",
		"iso3code": "SOM",
		"name": "Somalia"
	},
	{
		"code": "ZA",
		"iso3code": "ZAF",
		"name": "South Africa"
	},
	{
		"code": "GS",
		"iso3code": "SGS",
		"name": "South Georgia"
	},
	{
		"code": "SS",
		"iso3code": "SSD",
		"name": "South Sudan"
	},
	{
		"code": "ES",
		"iso3code": "ESP",
		"name": "Spain"
	},
	{
		"code": "LK",
		"iso3code": "LKA",
		"name": "Sri Lanka"
	},
	{
		"code": "SD",
		"iso3code": "SDN",
		"name": "Sudan"
	},
	{
		"code": "SR",
		"iso3code": "SUR",
		"name": "Suriname"
	},
	{
		"code": "SJ",
		"iso3code": "SJM",
		"name": "Svalbard"
	},
	{
		"code": "SZ",
		"iso3code": "SWZ",
		"name": "Swaziland"
	},
	{
		"code": "SE",
		"iso3code": "SWE",
		"name": "Sweden"
	},
	{
		"code": "CH",
		"iso3code": "CHE",
		"name": "Switzerland"
	},
	{
		"code": "SY",
		"iso3code": "SYR",
		"name": "Syrian Arab Republic"
	},
	{
		"code": "TJ",
		"iso3code": "TJK",
		"name": "Tajikistan"
	},
	{
		"code": "TZ",
		"iso3code": "TZA",
		"name": "Tanzania"
	},
	{
		"code": "TH",
		"iso3code": "THA",
		"name": "Thailand"
	},
	{
		"code": "TL",
		"iso3code": "TLS",
		"name": "Timor Leste"
	},
	{
		"code": "TG",
		"iso3code": "TGO",
		"name": "Togo"
	},
	{
		"code": "TK",
		"iso3code": "TKL",
		"name": "Tokelau Islands"
	},
	{
		"code": "TO",
		"iso3code": "TON",
		"name": "Tonga"
	},
	{
		"code": "TT",
		"iso3code": "TTO",
		"name": "Trinidad & Tobago"
	},
	{
		"code": "TN",
		"iso3code": "TUN",
		"name": "Tunisia"
	},
	{
		"code": "TR",
		"iso3code": "TUR",
		"name": "Turkey"
	},
	{
		"code": "TM",
		"iso3code": "TKM",
		"name": "Turkmenistan"
	},
	{
		"code": "TC",
		"iso3code": "TCA",
		"name": "Turks & Caicos"
	},
	{
		"code": "TV",
		"iso3code": "TUV",
		"name": "Tuvalu"
	},
	{
		"code": "UG",
		"iso3code": "UGA",
		"name": "Uganda"
	},
	{
		"code": "UA",
		"iso3code": "UKR",
		"name": "Ukraine"
	},
	{
		"code": "AE",
		"iso3code": "ARE",
		"name": "United Arab Emirates"
	},
	{
		"code": "GB",
		"iso3code": "GBR",
		"name": "United Kingdom"
	},
	{
		"code": "US",
		"iso3code": "USA",
		"name": "United States"
	},
	{
		"code": "UM",
		"iso3code": "UMI",
		"name": "United States Minor Outlying Islands"
	},
	{
		"code": "UY",
		"iso3code": "URY",
		"name": "Uruguay"
	},
	{
		"code": "UZ",
		"iso3code": "UZB",
		"name": "Uzbekistan"
	},
	{
		"code": "VU",
		"iso3code": "VUT",
		"name": "Vanuatu"
	},
	{
		"code": "VA",
		"iso3code": "VAT",
		"name": "Vatican City"
	},
	{
		"code": "VE",
		"iso3code": "VEN",
		"name": "Venezuela"
	},
	{
		"code": "VN",
		"iso3code": "VNM",
		"name": "Vietnam"
	},
	{
		"code": "WF",
		"iso3code": "WLF",
		"name": "Wallis & Futuna"
	},
	{
		"code": "EH",
		"iso3code": "ESH",
		"name": "Western Sahara"
	},
	{
		"code": "WS",
		"iso3code": "WSM",
		"name": "Western Samoa"
	},
	{
		"code": "YE",
		"iso3code": "YEM",
		"name": "Yemen"
	},
	{
		"code": "ZM",
		"iso3code": "ZMB",
		"name": "Zambia"
	},
	{
		"code": "ZW",
		"iso3code": "ZWE",
		"name": "Zimbabwe"
	}
 ]}
